﻿lake,number
南漪湖,18
昆承湖,6
固城湖,11
升金湖,11
杨坊湖,12
大官湖,53
东太湖,35
石臼湖,3
巢湖东,7
麻塘湖,41
泊湖,207
洪泽湖,29
鄱阳湖,37
武昌湖,58
青岚湖,26
女山湖,74
龙感湖,13
赤东湖,49
骆马湖,82
菜子湖,185
阳澄湖,39
长荡湖,56
澄湖,42
淀山湖,22
赛城湖,10
莲湖,73
梁子湖,167
大纵湖,13
邵伯湖,18
大冶湖,100
猪婆湖,61
西洞庭湖,135
黄矛谭,205
滆湖,48
保安湖,43
枫沙湖,165
黄盖湖,75
漕湖,10
太泊湖,113
巢湖西,12
汤逊湖,63
西凉湖,168
陈家湖,116
白马湖,25
网湖,81
五里湖,172
梅梁湾,27
太白湖,291
瑶湖,54
策湖,380
武山湖,132
