﻿lake,coverage
安乐湖,61.1
芭蕉湖,24.3
白荡湖,61.5
白马湖,69.2
宝应湖,70.7
保安湖,57.3
北民湖,12.7
菜子湖,98.1
陈家湖,14.9
澄湖,10.2
赤东湖,69.5
赤湖,96.6
大通湖,14
大冶湖,70.5
大纵湖,76.7
淀山湖,14
东钱湖,8
东西汊湖,77.5
洞庭湖,58.9
斧头湖,103.3
高邮湖,43.9
滆湖,43.6
固城湖,47.8
海口湖,93.7
汉阳东湖,28.2
洪湖,93.4
洪泽湖,26.7
花马湖,96.7
黄大湖,80
黄盖湖,24.7
军山湖,52.6
昆承湖,16.2
梁子湖,90
柳叶湖,51.1
龙感湖,64.1
鲁湖,97.5
骆马湖,54.5
毛里湖,39.9
南北湖,46.7
南漪湖,52.9
牛浪湖,63.6
泊湖,60.1
鄱阳湖,94.7
破罡湖,109.4
七里湖,44
三山湖,46.5
珊珀湖,19.1
上津湖,67.8
上涉湖,99.8
邵伯湖,40.9
升金湖,81.1
石臼湖,73.8
太白湖,28.4
太泊湖,10.1
汤逊湖,38.9
童家湖,16.7
沱湖,16.1
瓦埠湖,25
网湖,38
武昌湖,73.3
武湖,80.3
武山湖,56.8
西凉湖,95.4
新妙湖,40.2
严西湖,73
阳澄湖,36.4
瑶湖,19
野潴湖,27.8
沂湖,76.9
宜兴三氿,20.9
淤泥湖,29.6
元荡湖,19.1
岳阳南湖,54.6
长荡湖,80.8
长湖,52.7
涨渡湖,90.9
朱婆湖,27.1
珠湖,63.5
巢湖,1.6
太湖,16
安乐湖,64
芭蕉湖,26.4
白荡湖,15.2
白马湖,43.1
宝应湖,66.4
保安湖,64.3
北民湖,10.2
菜子湖,74.8
陈家湖,20.1
澄湖,8.4
赤东湖,52
赤湖,95.3
大通湖,18.2
大冶湖,87.4
大纵湖,79.3
淀山湖,13.5
东钱湖,9.2
东西汊湖,76
洞庭湖,64
斧头湖,72.9
高邮湖,52.1
滆湖,38.6
固城湖,52.4
海口湖,63
汉阳东湖,15.3
洪湖,96.6
洪泽湖,38.9
花马湖,89.7
黄大湖,44.2
黄盖湖,26.7
军山湖,52.7
昆承湖,30.7
梁子湖,75.1
柳叶湖,65.6
龙感湖,67.3
鲁湖,65.8
骆马湖,49.6
毛里湖,52.5
南北湖,41.8
南漪湖,42
牛浪湖,66.8
泊湖,73.4
鄱阳湖,92.1
破罡湖,50
七里湖,43.1
三山湖,54.3
珊珀湖,15.3
上津湖,81.2
上涉湖,66.8
邵伯湖,60.2
升金湖,72.3
石臼湖,65.9
太白湖,13.8
太泊湖,7.3
汤逊湖,22.6
童家湖,51.9
沱湖,44.8
瓦埠湖,28.5
网湖,28.8
武昌湖,76.9
武湖,93
武山湖,9.8
西凉湖,92.3
新妙湖,25.6
严西湖,66.4
阳澄湖,64
瑶湖,71.4
野潴湖,28.4
沂湖,72.4
宜兴三氿,12.5
淤泥湖,2.5
元荡湖,29.5
岳阳南湖,61.4
长荡湖,81.7
长湖,53
涨渡湖,46.5
朱婆湖,24.4
珠湖,45.6
巢湖,1.4
太湖,12
安乐湖,46.6
芭蕉湖,25
白荡湖,32
白马湖,70.6
宝应湖,60.8
保安湖,73
北民湖,13
菜子湖,58.5
陈家湖,1.4
澄湖,7.8
赤东湖,51.2
赤湖,89.6
大通湖,20.5
大冶湖,78.9
大纵湖,64.7
淀山湖,20.2
东钱湖,18.2
东西汊湖,75.3
洞庭湖,46.6
斧头湖,73
高邮湖,45.8
滆湖,46.6
固城湖,39
海口湖,87.6
汉阳东湖,25.4
洪湖,83.2
洪泽湖,33.5
花马湖,96.5
黄大湖,40.6
黄盖湖,41
军山湖,36
昆承湖,6.6
梁子湖,68.1
柳叶湖,89.5
龙感湖,41.6
鲁湖,70.6
骆马湖,40.2
毛里湖,65
南北湖,46.1
南漪湖,58.4
牛浪湖,70
泊湖,69.1
破罡湖,58.7
七里湖,50.6
三山湖,62.1
珊珀湖,19.6
上津湖,73
上涉湖,78.6
邵伯湖,62.7
升金湖,70.3
石臼湖,75.5
太白湖,13.9
太泊湖,40.2
汤逊湖,16.3
童家湖,91.9
沱湖,56
瓦埠湖,32
网湖,14.5
武昌湖,96.3
武湖,63.2
武山湖,19.6
西凉湖,90.5
新妙湖,39.1
严西湖,60.1
阳澄湖,46.8
瑶湖,76.4
野潴湖,43.5
沂湖,82.2
宜兴三氿,21.3
淤泥湖,29.5
元荡湖,22
岳阳南湖,53.8
长荡湖,70.6
长湖,53.3
涨渡湖,31.9
朱婆湖,31.6
珠湖,59.1
巢湖,1.7
太湖,12.1
安乐湖,59.6
芭蕉湖,23.7
白荡湖,52.9
白马湖,70.9
宝应湖,78.2
保安湖,68.9
北民湖,16
菜子湖,93.5
陈家湖,15.7
澄湖,7.8
赤东湖,60.2
赤湖,88
大通湖,17.5
大冶湖,74.9
大纵湖,80.1
淀山湖,27.5
东钱湖,14.7
东西汊湖,82.2
洞庭湖,55
斧头湖,81.8
高邮湖,67.8
滆湖,87
固城湖,28.1
海口湖,84.6
汉阳东湖,21.5
洪湖,98.1
洪泽湖,38.5
花马湖,70.4
黄大湖,70
黄盖湖,37.4
军山湖,60.9
昆承湖,11.2
梁子湖,74
柳叶湖,71.7
龙感湖,58.9
鲁湖,93.8
骆马湖,65.7
毛里湖,69.9
南北湖,93.4
南漪湖,50.7
牛浪湖,62.3
泊湖,63.2
鄱阳湖,71.7
破罡湖,72.1
七里湖,57.4
三山湖,55.8
珊珀湖,58.3
上津湖,77.1
上涉湖,90.5
邵伯湖,61.8
升金湖,68.4
石臼湖,85.5
太白湖,28.9
太泊湖,46.1
汤逊湖,47
童家湖,45.2
沱湖,50.4
瓦埠湖,30.3
网湖,23.9
武昌湖,87.8
武湖,47.8
武山湖,29.4
西凉湖,88.8
新妙湖,37.6
严西湖,77.9
阳澄湖,53.3
瑶湖,75.2
野潴湖,58.3
沂湖,65.8
宜兴三氿,18.7
淤泥湖,27.6
元荡湖,26.4
岳阳南湖,43.6
长荡湖,69.9
长湖,62.6
涨渡湖,62.3
朱婆湖,18.6
珠湖,20.2
巢湖,1.2
太湖,16.8
